trade_date,ts_code,open,high,low,close,pre_close,change,pct_chg,vol,amount
2015-06-01,300467.SZ,44.55,64.69,44.55,64.69,58.81,5.88,10.0,50.0,274.3
2015-06-08,300467.SZ,71.16,104.19,71.16,104.19,94.72,9.47,10.0,57.0,528.896
2015-06-15,300467.SZ,114.61,167.81,114.61,167.81,152.55,15.26,10.0,182.0,2700.871
2015-06-22,300467.SZ,184.59,245.7,184.59,245.7,223.36,22.34,10.0,6505.389999999999,155417.7272
2015-06-29,300467.SZ,270.27,297.3,270.27,297.3,270.27,27.03,10.0,2002.3,55409.5476
2015-07-06,300467.SZ,267.57,267.57,216.73,217.43,240.81,-23.38,-9.71,68760.61,1522096.3872
2015-07-13,300467.SZ,206.0,234.41,167.03,234.41,213.1,21.31,10.0,74864.28,1469042.0358000002
2015-07-20,300467.SZ,233.97,247.0,172.0,214.0,223.03,-9.03,-4.05,64446.2,1372011.267
2015-07-27,300467.SZ,208.0,225.27,201.21,218.89,214.0,4.89,2.29,7866.47,169023.6784
2015-11-23,300467.SZ,60.03,60.03,60.03,60.03,54.57,5.46,10.01,1497.0,8986.491
2015-11-30,300467.SZ,66.03,96.67,66.03,96.67,87.88,8.79,10.0,51763.67,460322.2437
2015-12-07,300467.SZ,106.34,126.95,105.27,111.0,120.0,-9.0,-7.5,541995.55,6256754.8003
2015-12-14,300467.SZ,116.0,122.1,94.8,99.35,99.68,-0.33,-0.33,325609.0,3600475.7405
2015-12-21,300467.SZ,100.31,114.0,97.29,101.5,105.0,-3.5,-3.33,255469.87000000002,2668445.8141
2015-12-28,300467.SZ,101.0,110.0,95.1,97.36,98.97,-1.61,-1.63,182019.93,1843912.6734
2016-01-04,300467.SZ,98.3,101.8,81.7,81.7,90.78,-9.08,-10.0,117241.78,1089602.0606
2016-01-11,300467.SZ,75.1,89.18,73.88,76.86,85.4,-8.54,-10.0,159543.76,1311039.9764
2016-01-18,300467.SZ,76.99,79.25,64.64,69.5,67.0,2.5,3.73,152030.72,1079933.2168
2016-01-25,300467.SZ,68.5,83.28,68.02,74.08,76.0,-1.92,-2.53,171900.07,1318703.2678
2016-02-01,300467.SZ,72.45,73.3,57.0,59.0,62.04,-3.04,-4.9,153456.44999999998,951841.975
2016-02-08,300467.SZ,58.38,74.5,58.38,74.0,70.42,3.58,5.08,131112.88,893977.0752
2016-02-15,300467.SZ,69.88,77.77,69.7,75.0,74.0,1.0,1.35,27371.73,202882.0415
2016-02-22,300467.SZ,75.5,78.9,73.1,74.95,75.1,-0.15,-0.2,145686.24,1103407.0001
2016-02-29,300467.SZ,75.0,77.0,54.54,54.54,60.6,-6.06,-10.0,152713.66,1012840.4714
2016-03-07,300467.SZ,53.9,62.0,50.4,54.51,52.04,2.47,4.75,276719.26,1545669.2898
2016-03-14,300467.SZ,53.32,57.02,49.2,55.81,51.84,3.97,7.66,234404.90999999997,1256701.6756000002
2016-03-21,300467.SZ,55.13,70.98,53.58,69.5,64.8,4.7,7.25,330191.86,2003604.8433
2016-03-28,300467.SZ,67.5,74.5,65.0,65.16,68.05,-2.89,-4.25,246977.73,1695897.6623
2016-04-04,300467.SZ,65.3,77.8,64.15,71.0,73.33,-2.33,-3.18,246892.04,1748050.0677
2016-04-11,300467.SZ,70.0,75.93,65.55,68.92,66.88,2.04,3.05,247126.79,1744131.9561
2016-04-18,300467.SZ,69.9,70.9,64.9,65.56,68.83,-3.27,-4.75,172986.93,1176118.1720999999
2016-04-25,300467.SZ,65.99,66.88,55.6,58.03,58.12,-0.09,-0.15,161644.15,979285.4691999999
2016-05-02,300467.SZ,58.57,59.8,55.98,58.0,57.83,0.17,0.29,78911.88,459327.7129
2016-05-09,300467.SZ,58.2,64.8,54.9,55.22,60.3,-5.08,-8.42,147532.97999999998,901753.5347
2016-05-16,300467.SZ,55.51,58.16,51.01,54.9,53.08,1.82,3.43,121019.47,663771.3471
2016-05-23,300467.SZ,54.82,63.73,51.39,61.38,58.85,2.53,4.3,176588.09,1003939.1293
2016-05-30,300467.SZ,61.4,63.44,55.0,55.78,57.98,-2.2,-3.79,156446.97,923734.6928
2016-06-06,300467.SZ,56.2,66.88,55.77,63.6,64.74,-1.14,-1.76,257740.13,1629426.1321999999
2016-06-13,300467.SZ,62.99,67.5,57.31,57.31,63.68,-6.37,-10.0,132388.75,837121.3001
2016-06-20,300467.SZ,56.0,59.87,55.51,58.15,56.1,2.05,3.65,164643.16999999998,947294.2471
2016-06-27,300467.SZ,58.4,61.93,54.1,61.12,56.9,4.22,7.42,177057.51,1024733.9291000001
2016-07-04,300467.SZ,61.9,63.38,59.12,60.8,60.64,0.16,0.26,327657.89,1989427.5639
2016-07-11,300467.SZ,60.8,65.78,58.26,62.75,59.8,2.95,4.93,291102.64,1800459.4904
2016-07-18,300467.SZ,62.86,66.0,58.0,60.51,62.09,-1.58,-2.54,317484.7,1981867.8138000001
2016-07-25,300467.SZ,60.09,69.8,60.09,68.5,65.3,3.2,4.9,353376.76,2323435.7851
2016-08-01,300467.SZ,67.99,69.48,56.2,57.89,61.99,-4.1,-6.61,261713.16999999998,1664185.5682
2016-08-08,300467.SZ,58.0,58.8,54.81,56.9,56.31,0.59,1.05,119737.77,686335.0446
2016-08-15,300467.SZ,57.0,59.96,55.63,59.1,57.43,1.67,2.91,135043.42,779260.1046
2016-08-22,300467.SZ,58.64,60.19,56.8,56.81,58.48,-1.67,-2.86,113562.02,666916.4707000001
2016-08-29,300467.SZ,56.85,58.85,56.81,57.84,58.09,-0.25,-0.43,93765.5,542774.7964
2016-09-05,300467.SZ,57.9,58.99,56.07,56.73,56.62,0.11,0.19,71744.23,411603.7177
2016-09-12,300467.SZ,56.74,57.4,53.07,54.06,56.41,-2.35,-4.17,81835.58,459513.01729999995
2016-09-19,300467.SZ,54.5,54.97,53.2,53.88,53.55,0.33,0.62,36511.54,196141.55
2016-09-26,300467.SZ,53.7,54.08,50.81,50.91,52.59,-1.68,-3.19,64558.92,341424.1154
2016-10-03,300467.SZ,51.0,51.49,49.7,50.6,50.45,0.15,0.3,51027.840000000004,257730.9429
2016-10-10,300467.SZ,51.01,52.36,50.75,51.91,50.6,1.31,2.59,19545.42,100951.3927
2016-10-17,300467.SZ,51.8,52.48,51.48,51.59,52.1,-0.51,-0.98,53861.76,279301.9995
2016-10-24,300467.SZ,51.45,53.0,50.4,51.2,50.98,0.22,0.43,107954.41,555693.6965000001
2016-10-31,300467.SZ,51.08,52.27,50.4,51.16,51.07,0.09,0.18,97639.54000000001,500147.87679999997
2016-11-07,300467.SZ,51.17,53.66,50.67,51.92,52.59,-0.67,-1.27,128897.84999999999,670980.687
2016-11-14,300467.SZ,51.94,53.32,50.69,52.46,51.6,0.86,1.67,100744.99,522530.252
2016-11-21,300467.SZ,52.66,55.87,52.0,52.77,52.56,0.21,0.4,123611.67,661679.3369999999
2016-11-28,300467.SZ,53.0,54.58,51.38,52.95,53.62,-0.67,-1.25,105313.75,558509.034
2016-12-05,300467.SZ,52.59,53.17,49.71,50.43,50.59,-0.16,-0.32,69661.18,361088.754
2016-12-12,300467.SZ,50.2,51.2,44.1,44.1,49.0,-4.9,-10.0,70086.3,340111.91599999997
2016-12-19,300467.SZ,44.09,44.09,41.51,43.13,43.18,-0.05,-0.12,63125.43000000001,270481.773
2016-12-26,300467.SZ,43.09,44.54,39.15,42.2,40.89,1.31,3.2,63707.71,268943.558
2017-01-02,300467.SZ,41.96,44.6,41.5,43.8,42.76,1.04,2.43,55776.93,241293.462
2017-01-09,300467.SZ,43.76,47.55,43.08,46.6,43.25,3.35,7.75,88708.34,397581.727
2017-06-26,300467.SZ,46.57,46.57,41.91,41.91,46.57,-4.66,-10.01,49769.0,215362.024
2017-07-03,300467.SZ,40.0,48.49,40.0,42.09,41.33,0.76,1.84,316944.27,1386373.289
2017-07-10,300467.SZ,41.0,41.86,36.66,36.7,39.78,-3.08,-7.74,183285.08000000002,730290.8489999999
2017-07-17,300467.SZ,36.69,37.35,32.02,33.93,35.28,-1.35,-3.83,149511.3,526489.285
2017-07-24,300467.SZ,34.2,34.78,31.09,31.66,32.52,-0.86,-2.64,82572.98000000001,274226.244
2017-07-31,300467.SZ,32.02,35.7,32.01,33.5,34.02,-0.52,-1.53,316315.8,1084094.405
2017-08-07,300467.SZ,33.52,34.79,32.33,34.02,33.12,0.9,2.72,137952.66,462935.686
2017-08-14,300467.SZ,34.0,34.75,32.52,33.86,32.67,1.19,3.64,108082.14,365503.898
2017-08-21,300467.SZ,33.92,38.45,33.89,36.4,36.5,-0.1,-0.27,213582.47999999998,774861.616
2017-08-28,300467.SZ,36.4,39.74,34.16,38.0,36.13,1.87,5.18,163500.26,603826.819
2017-09-04,300467.SZ,38.87,45.38,38.06,43.83,41.25,2.58,6.25,339824.58999999997,1403605.689
2017-09-11,300467.SZ,43.88,46.29,43.0,45.52,44.3,1.22,2.75,72537.91,322151.515
2017-09-18,300467.SZ,46.0,47.0,41.4,42.7,43.4,-0.7,-1.61,134603.82,583147.621
2017-09-25,300467.SZ,42.61,46.8,41.8,42.3,44.16,-1.86,-4.21,129007.28,568986.665
2017-10-02,300467.SZ,42.4,49.3,41.59,47.87,45.7,2.17,4.75,136465.01,622196.63
2017-10-09,300467.SZ,47.0,47.15,45.36,46.42,47.87,-1.45,-3.03,56987.5,262817.805
2017-10-16,300467.SZ,46.13,50.97,45.21,47.23,48.1,-0.87,-1.81,207480.07,1002394.417
2017-10-23,300467.SZ,47.0,50.7,46.92,49.61,49.88,-0.27,-0.54,109913.49,537768.421
2017-10-30,300467.SZ,49.8,52.52,47.58,51.23,51.87,-0.64,-1.23,119354.75,597355.852
2017-11-06,300467.SZ,51.2,54.03,50.0,53.7,51.94,1.76,3.39,127584.07,668372.863
2017-11-13,300467.SZ,53.2,56.8,52.02,56.52,54.25,2.27,4.18,109303.8,592553.263
2017-11-20,300467.SZ,56.5,59.0,52.58,54.8,54.25,0.55,1.01,157933.12,870035.46
2017-11-27,300467.SZ,54.87,56.48,48.5,48.5,51.47,-2.97,-5.77,120492.56999999999,634405.737
2017-12-04,300467.SZ,48.55,49.38,44.71,45.99,46.6,-0.61,-1.31,102964.01,484001.332
2017-12-11,300467.SZ,45.79,48.07,43.58,47.69,47.0,0.69,1.47,86839.75,400533.191
2017-12-18,300467.SZ,48.0,48.2,45.81,46.24,46.74,-0.5,-1.07,41983.979999999996,198040.395
2017-12-25,300467.SZ,46.26,50.76,46.26,48.9,49.8,-0.9,-1.81,68416.7,336407.841
2018-01-01,300467.SZ,48.85,48.9,44.0,46.95,48.47,-1.52,-3.14,68876.11,326323.933
2018-01-08,300467.SZ,47.44,48.1,44.21,45.68,45.29,0.39,0.86,87913.53,407752.32499999995
2018-01-15,300467.SZ,45.35,47.96,44.75,45.69,46.93,-1.24,-2.64,60364.54,277645.67100000003
2018-01-22,300467.SZ,45.43,46.28,44.59,45.11,45.0,0.11,0.24,33588.03,152524.005
2018-01-29,300467.SZ,44.71,47.7,44.08,45.8,46.2,-0.4,-0.87,57386.25,266640.383
2018-02-05,300467.SZ,45.4,46.25,36.45,38.63,38.9,-0.27,-0.69,100069.1,398582.876
2018-02-12,300467.SZ,38.54,38.54,31.29,35.5,34.66,0.84,2.42,99405.07,347978.997
2018-02-19,300467.SZ,35.52,36.8,35.51,36.5,35.72,0.78,2.18,18727.16,67623.298
2018-02-26,300467.SZ,36.0,37.78,35.5,37.56,36.1,1.46,4.04,36237.09,133347.49300000002
2018-03-05,300467.SZ,37.56,42.49,37.51,40.8,40.93,-0.13,-0.32,114941.13,466810.561
2018-03-12,300467.SZ,40.9,45.39,39.5,43.45,42.82,0.63,1.47,111187.91,469581.174
2018-03-19,300467.SZ,43.44,44.9,41.15,42.67,41.39,1.28,3.09,84142.26,361004.925
2018-03-26,300467.SZ,42.68,42.8,37.1,38.45,38.39,0.06,0.16,84625.88,339052.61
2018-04-02,300467.SZ,38.65,45.27,38.65,44.2,41.79,2.41,5.77,122601.01,500910.17799999996
2018-04-09,300467.SZ,43.03,43.99,40.82,42.04,41.64,0.4,0.96,65712.91,279155.492
2018-04-16,300467.SZ,42.2,42.4,39.65,40.0,40.39,-0.39,-0.97,73845.23,300773.93
2018-04-23,300467.SZ,40.7,40.74,36.53,37.9,36.88,1.02,2.77,76828.14,298894.024
2018-04-30,300467.SZ,38.37,39.85,37.6,39.2,38.79,0.41,1.06,61568.15,238515.134
2018-05-07,300467.SZ,39.19,42.8,38.52,41.61,41.69,-0.08,-0.19,69161.58,283515.469
2018-05-14,300467.SZ,41.55,42.58,40.11,40.53,41.05,-0.52,-1.27,64030.09,265591.517
2018-05-21,300467.SZ,40.06,41.7,38.62,39.12,39.1,0.02,0.05,75313.66,300622.32700000005
2018-05-28,300467.SZ,39.15,39.2,36.63,37.06,37.17,-0.11,-0.3,64719.6,244295.49300000002
2018-06-04,300467.SZ,36.98,37.47,34.52,35.6,35.28,0.32,0.91,64989.86,234424.465
2018-06-11,300467.SZ,35.5,37.05,33.91,35.13,36.6,-1.47,-4.02,65049.45,233743.239
2018-06-18,300467.SZ,35.11,37.5,34.0,34.05,35.08,-1.03,-2.94,36221.880000000005,127829.542
2018-06-25,300467.SZ,33.49,33.49,30.06,30.9,31.48,-0.58,-1.84,67777.85,211063.638
2018-07-02,300467.SZ,30.5,32.53,30.31,31.0,32.1,-1.1,-3.43,51882.82,164227.962
2018-07-09,300467.SZ,31.39,33.2,30.3,32.63,31.71,0.92,2.9,112920.0,361094.108
2018-07-16,300467.SZ,32.54,33.11,30.89,32.33,32.29,0.04,0.12,99065.47,319358.42100000003
2018-07-23,300467.SZ,32.11,33.05,31.51,32.96,32.8,0.16,0.4878,79350.62,258549.242
2018-07-30,300467.SZ,32.95,36.49,31.5,31.95,32.72,-0.77,-2.3533,164710.83,564546.249
2018-08-06,300467.SZ,31.77,32.24,27.7,27.97,28.7,-0.73,-2.5436,97211.39,290825.207
2018-08-13,300467.SZ,28.15,29.66,27.63,29.48,29.55,-0.07,-0.2369,86996.62,251782.837
2018-08-20,300467.SZ,29.36,29.48,25.55,26.66,25.9,0.76,2.9344,77545.9,211549.923
2018-08-27,300467.SZ,26.46,29.68,26.02,28.9,27.12,1.78,6.5634,78977.79000000001,216239.459
2018-09-03,300467.SZ,28.21,32.65,25.96,26.65,28.73,-2.08,-7.2398,484313.58999999997,1450740.915
2018-09-10,300467.SZ,26.55,27.18,23.85,23.85,24.88,-1.03,-4.1399,234814.38,608359.1429999999
2018-09-17,300467.SZ,23.99,24.86,23.41,23.82,23.82,0.0,0.0,103994.3,252411.434
2018-09-24,300467.SZ,23.82,24.75,23.58,24.7,24.1,0.6,2.4896,80902.13,196104.85
2018-10-01,300467.SZ,24.43,24.6,22.82,24.4,22.9,1.5,6.5502,95038.76,227519.29200000002
2018-10-08,300467.SZ,23.98,23.99,23.12,23.23,24.4,-1.17,-4.7951,22147.44,52179.815
2018-10-15,300467.SZ,23.26,24.45,20.25,21.1,21.25,-0.15,-0.7059,116082.43,261670.101
2018-10-22,300467.SZ,21.4,22.77,20.01,22.46,21.43,1.03,4.8063,119699.94,255701.177
2018-10-29,300467.SZ,22.31,22.67,21.02,21.72,21.93,-0.21,-0.9576,93310.76,205297.67799999999
2018-11-05,300467.SZ,21.73,24.49,21.3,24.3,23.88,0.42,1.7588,185245.16,431944.81700000004
2018-11-12,300467.SZ,24.0,26.0,23.2,25.68,24.04,1.64,6.822,181312.28,440658.958
2018-11-19,300467.SZ,25.1,28.45,25.0,26.67,27.72,-1.05,-3.7879,343131.85,935595.616
2018-11-26,300467.SZ,26.47,26.88,24.68,25.95,26.06,-0.11,-0.4221,236316.64,609119.3150000001
2018-12-03,300467.SZ,25.86,28.8,25.75,27.49,27.57,-0.08,-0.2902,257219.36,702441.854
2018-12-10,300467.SZ,27.3,27.45,25.21,25.57,25.88,-0.31,-1.1978,103998.31999999999,272780.325
2018-12-17,300467.SZ,25.65,25.93,24.54,24.8,24.95,-0.15,-0.6012,72168.53,183040.878
2018-12-24,300467.SZ,24.6,24.93,23.43,24.04,24.05,-0.01,-0.0416,91028.08,220008.73
2018-12-31,300467.SZ,23.7,23.78,22.5,22.93,23.1,-0.17,-0.7359,79517.39,183676.413
2019-01-07,300467.SZ,22.93,23.44,21.83,23.32,23.01,0.31,1.3472,79737.36,183159.997
2019-01-14,300467.SZ,23.33,23.5,22.27,22.7,23.14,-0.44,-1.9015,146411.47,334185.166
2019-01-21,300467.SZ,22.7,23.64,22.5,23.29,23.59,-0.3,-1.2717,114983.18,265498.657
2019-01-28,300467.SZ,23.3,23.72,20.81,20.81,23.12,-2.31,-9.9913,144031.91,327135.659
2019-02-04,300467.SZ,20.0,20.37,18.88,20.05,19.7,0.35,1.7766,110615.5,218063.415
2019-02-11,300467.SZ,20.1,20.68,19.88,20.56,20.05,0.51,2.5436,20007.15,40816.309
2019-02-18,300467.SZ,20.43,21.93,20.43,21.8,21.17,0.63,2.9759,159211.87,338062.498
2019-02-25,300467.SZ,21.93,25.08,20.8,24.51,23.39,1.12,4.7884,516430.2,1184332.769
2019-03-04,300467.SZ,24.78,25.87,23.92,24.78,24.5,0.28,1.1429,414872.03,1029296.635
2019-03-11,300467.SZ,24.88,30.02,24.78,29.96,27.86,2.1,7.5377,658518.5800000001,1813049.344
2019-03-18,300467.SZ,30.73,34.9,27.95,29.49,29.2,0.29,0.9932,522276.9,1613096.464
2019-03-25,300467.SZ,29.35,29.69,27.83,28.07,28.85,-0.78,-2.7036,291209.20999999996,841890.721
2019-04-01,300467.SZ,28.29,29.1,26.01,28.88,27.7,1.18,4.2599,318104.82,873770.01
2019-04-08,300467.SZ,29.0,30.88,27.73,27.9,29.16,-1.26,-4.321,302382.04,885289.437
2019-04-15,300467.SZ,27.84,30.0,27.62,27.91,28.0,-0.09,-0.3214,269192.0,775190.2490000001
2019-04-22,300467.SZ,27.87,29.63,27.0,28.06,28.86,-0.8,-2.772,266713.67,761840.8389999999
2019-04-29,300467.SZ,25.25,25.25,21.15,21.59,22.45,-0.86,-3.8307,438474.65,1002434.606
2019-05-06,300467.SZ,21.58,22.08,19.61,19.85,21.7,-1.85,-8.5253,101425.75,212899.35499999998
2019-05-13,300467.SZ,20.09,21.98,20.09,21.24,21.74,-0.5,-2.2999,248325.77,527144.154
2019-05-20,300467.SZ,20.73,21.8,20.11,20.8,20.4,0.4,1.9608,207370.72999999998,437998.24
2019-05-27,300467.SZ,20.84,20.93,19.34,20.19,19.64,0.55,2.8004,183026.94,367798.671
2019-06-03,300467.SZ,20.48,20.57,18.49,18.49,19.4,-0.91,-4.6907,174223.90000000002,341197.76100000006
2019-06-10,300467.SZ,18.69,19.06,16.15,16.85,16.5,0.35,2.1212,290448.05,503491.04099999997
2019-06-17,300467.SZ,16.87,17.94,16.67,17.82,17.52,0.3,1.7123,235879.28,412199.372
2019-06-24,300467.SZ,17.79,21.34,17.45,19.55,20.85,-1.3,-6.235,402956.24,779869.073
2019-07-01,300467.SZ,19.67,19.68,18.18,19.08,18.42,0.66,3.5831,222270.41999999998,418885.093
2019-07-08,300467.SZ,19.13,19.14,17.25,17.3,18.21,-0.91,-4.9973,154999.86,284980.949
2019-07-15,300467.SZ,17.34,17.82,17.0,17.74,17.38,0.36,2.0713,109773.70999999999,191672.50400000002
2019-07-22,300467.SZ,17.73,18.26,16.78,16.79,17.42,-0.63,-3.6165,146592.81,258765.99800000002
2019-07-29,300467.SZ,16.82,17.65,16.8,17.23,17.37,-0.14,-0.806,115791.9,200613.551
2019-08-05,300467.SZ,17.36,18.08,16.76,16.82,17.43,-0.61,-3.4997,209947.19,367535.40400000004
2019-08-12,300467.SZ,16.2,16.25,14.8,15.28,14.94,0.34,2.2758,281169.07,427352.73099999997
2019-08-19,300467.SZ,15.13,16.38,15.07,16.34,15.7,0.64,4.0764,238666.25,375783.752
2019-08-26,300467.SZ,16.36,16.68,15.18,15.5,16.18,-0.68,-4.2027,240909.78,387222.267
2019-09-02,300467.SZ,15.62,17.24,15.62,16.45,15.78,0.67,4.2459,533909.43,882827.788
2019-09-09,300467.SZ,16.55,17.97,16.41,17.93,17.3,0.63,3.6416,551335.97,949916.7690000001
2019-09-16,300467.SZ,17.75,17.79,17.2,17.54,17.43,0.11,0.6311,263388.27999999997,460015.69800000003
2019-09-23,300467.SZ,17.5,17.6,16.61,17.06,17.53,-0.47,-2.6811,314165.77,536775.339
2019-09-30,300467.SZ,17.0,17.56,15.41,15.87,15.85,0.02,0.1262,264236.33,438549.319
2019-10-14,300467.SZ,15.64,17.64,15.23,17.07,17.14,-0.07,-0.4084,287160.64,474116.31299999997
2019-10-21,300467.SZ,16.52,16.7,15.42,15.81,15.86,-0.05,-0.3153,184282.72,298007.95
2019-10-28,300467.SZ,15.82,17.34,15.82,16.87,16.24,0.63,3.8793,239885.38,397299.63399999996
2019-11-04,300467.SZ,16.85,17.38,15.78,16.08,16.07,0.01,0.0622,264863.18,441333.334
2019-11-11,300467.SZ,16.07,16.23,14.96,15.08,15.78,-0.7,-4.436,133063.0,208518.062
2019-11-18,300467.SZ,15.06,15.43,14.84,15.14,15.21,-0.07,-0.4602,110536.93,167099.915
2019-11-25,300467.SZ,15.11,17.75,15.04,15.83,16.3,-0.47,-2.8834,536199.12,896723.151
2019-12-02,300467.SZ,15.93,15.98,15.18,15.45,15.46,-0.01,-0.0647,161439.34,249801.104
2019-12-09,300467.SZ,15.43,16.43,15.22,16.14,16.23,-0.09,-0.5545,227129.0,361339.421
2019-12-16,300467.SZ,16.15,16.92,15.8,16.83,16.34,0.49,2.9988,321972.56,526335.985
2019-12-23,300467.SZ,16.82,22.88,16.63,20.59,22.88,-2.29,-10.0087,526338.76,1020274.3489999999
2019-12-30,300467.SZ,19.8,24.92,19.23,19.44,21.6,-2.16,-10.0,1515820.28,3289995.4809999997
2020-01-06,300467.SZ,19.01,21.84,18.95,20.65,20.7,-0.05,-0.2415,678984.78,1374510.1579999998
2020-01-13,300467.SZ,20.9,21.65,19.7,20.41,20.5,-0.09,-0.439,606856.52,1259169.468
2020-01-20,300467.SZ,20.42,22.52,19.92,20.9,22.52,-1.62,-7.1936,699434.5800000001,1492386.155
2020-01-27,300467.SZ,20.5,20.53,17.54,17.57,19.49,-1.92,-9.8512,412030.35,780620.223
2020-02-03,300467.SZ,15.88,16.47,15.81,15.81,17.57,-1.76,-10.0171,111789.56,178065.202
2020-02-10,300467.SZ,15.88,18.18,15.88,17.82,18.0,-0.18,-1.0,615023.99,1062243.296
2020-02-17,300467.SZ,17.66,17.87,17.02,17.87,17.17,0.7,4.0769,388167.65,675218.873
2020-02-24,300467.SZ,17.78,22.86,17.7,21.75,22.03,-0.28,-1.271,1139517.53,2334759.952
2020-03-02,300467.SZ,20.5,21.4,18.55,19.19,18.68,0.51,2.7302,558702.63,1117025.28
2020-03-09,300467.SZ,19.28,19.99,17.56,17.6,19.35,-1.75,-9.0439,393852.79,751536.444
2020-03-16,300467.SZ,17.4,18.5,16.13,16.4,16.97,-0.57,-3.3589,273528.61,475468.39400000003
2020-03-23,300467.SZ,16.8,18.15,16.01,17.05,17.73,-0.68,-3.8353,247028.45,429298.387
2020-03-30,300467.SZ,17.34,17.91,16.4,16.61,17.33,-0.72,-4.1546,218746.15000000002,378252.407
2020-04-06,300467.SZ,16.82,16.93,16.12,16.39,16.75,-0.36,-2.1493,95523.52,158333.773
2020-04-13,300467.SZ,16.77,17.42,15.76,15.97,16.31,-0.34,-2.0846,158391.12,264634.597
2020-04-20,300467.SZ,16.01,16.77,15.99,16.39,16.3,0.09,0.5521,101066.18,166361.41
2020-04-27,300467.SZ,16.32,16.44,14.95,15.02,15.65,-0.63,-4.0256,115407.57,182232.555
2020-05-04,300467.SZ,15.02,15.12,13.66,14.91,14.34,0.57,3.9749,117985.24,170288.228
2020-05-11,300467.SZ,14.2,15.45,14.2,15.13,15.15,-0.02,-0.132,134137.66,201309.313
2020-05-18,300467.SZ,15.13,15.24,14.45,14.56,14.96,-0.4,-2.6738,90786.52,135348.718
2020-05-25,300467.SZ,14.82,15.18,13.83,13.85,14.0,-0.15,-1.0714,121599.0,176963.484
2020-06-01,300467.SZ,13.86,14.72,13.55,14.7,14.07,0.63,4.4776,106160.31,150198.624
2020-06-08,300467.SZ,14.75,16.25,14.57,15.68,16.19,-0.51,-3.1501,255507.33000000002,393051.69299999997
2020-06-15,300467.SZ,15.52,16.77,14.99,16.14,15.97,0.17,1.0645,431799.7,689307.306
2020-06-22,300467.SZ,17.0,17.45,15.68,15.77,16.17,-0.4,-2.4737,381754.95,629285.9
2020-06-29,300467.SZ,15.77,18.5,15.77,17.0,17.65,-0.65,-3.6827,481270.70999999996,831737.5769999999
2020-07-06,300467.SZ,16.96,18.14,16.71,17.94,17.36,0.58,3.341,481703.49,843265.95
2020-07-13,300467.SZ,17.93,19.39,17.68,18.92,18.38,0.54,2.938,568388.64,1061593.782
2020-07-20,300467.SZ,18.81,19.04,16.15,17.02,16.47,0.55,3.3394,332997.69,582572.489
2020-07-27,300467.SZ,17.04,17.35,15.47,15.69,15.69,0.0,0.0,182831.54,301433.033
2020-08-03,300467.SZ,15.74,17.97,15.69,17.66,16.53,1.13,6.8361,195393.06,326493.994
2020-08-10,300467.SZ,17.52,18.53,17.06,17.78,17.6,0.18,1.0227,293099.21,523581.266
2020-08-17,300467.SZ,17.7,17.88,16.54,17.48,17.23,0.25,1.451,180605.91,312020.594
2020-08-24,300467.SZ,17.5,18.35,16.48,17.86,18.08,-0.22,-1.2168,303837.09,533499.434
2020-08-31,300467.SZ,17.82,18.56,17.11,18.18,18.32,-0.14,-0.7642,385791.69,696405.152
2020-09-07,300467.SZ,18.02,23.54,17.78,22.76,19.62,3.14,16.0041,681759.3999999999,1398847.672
2020-09-14,300467.SZ,21.2,22.49,17.16,18.65,18.03,0.62,3.4387,817873.24,1656254.303
2020-09-21,300467.SZ,18.63,19.2,17.7,18.01,18.17,-0.16,-0.8806,322865.12,593237.324
2020-09-28,300467.SZ,17.9,18.19,16.83,16.85,17.34,-0.49,-2.8258,224124.77000000002,396483.441
2020-10-05,300467.SZ,16.94,17.72,16.72,17.13,17.41,-0.28,-1.6083,81620.31,141845.01299999998
2020-10-12,300467.SZ,17.41,18.33,17.25,18.18,17.73,0.45,2.5381,79336.6,141841.045
2020-10-19,300467.SZ,18.21,18.98,17.94,18.4,18.6,-0.2,-1.0753,252124.05,467005.429
2020-10-26,300467.SZ,18.51,20.61,18.5,19.0,19.2,-0.2,-1.0417,368301.14,709590.201
2020-11-02,300467.SZ,18.98,20.08,18.61,19.29,18.97,0.32,1.6869,378341.71,735452.95
2020-11-09,300467.SZ,19.2,20.94,19.05,20.81,20.3,0.51,2.5123,389105.36,782877.236
2020-11-16,300467.SZ,20.65,20.74,17.86,17.98,18.97,-0.99,-5.2188,260823.77000000002,504339.31
2020-11-23,300467.SZ,17.98,18.06,16.2,16.32,17.22,-0.9,-5.2265,246487.0,423989.34400000004
2020-11-30,300467.SZ,16.31,16.94,16.06,16.31,16.48,-0.17,-1.0316,198786.91,326736.114
2020-12-07,300467.SZ,16.39,17.04,16.01,16.01,16.48,-0.47,-2.8519,232926.62,387761.819
2020-12-14,300467.SZ,15.99,16.17,14.36,14.78,14.61,0.17,1.1636,192733.85,292821.32
2020-12-21,300467.SZ,14.78,14.93,13.98,14.69,14.45,0.24,1.6609,127283.6,184622.54499999998
2020-12-28,300467.SZ,14.61,14.65,13.21,13.36,13.86,-0.5,-3.6075,144151.51,200495.316
2021-01-04,300467.SZ,13.42,13.98,13.31,13.82,13.79,0.03,0.2175,104912.6,143713.125
2021-01-11,300467.SZ,13.82,13.86,11.72,11.85,12.3,-0.45,-3.6585,252262.62,317200.024
2021-01-18,300467.SZ,11.77,12.51,11.15,12.22,11.73,0.49,4.1773,185770.1,217299.996
2021-01-25,300467.SZ,12.15,12.8,11.64,11.8,12.26,-0.46,-3.752,162911.05,201281.584
2021-02-01,300467.SZ,11.79,14.5,11.6,13.29,13.44,-0.15,-1.1161,369728.0,489842.712
2021-02-08,300467.SZ,13.17,13.94,11.26,11.7,11.92,-0.22,-1.8456,291055.23000000004,369926.498
2021-02-15,300467.SZ,11.5,12.38,11.48,12.11,11.98,0.13,1.0851,67013.0,79932.626
2021-02-22,300467.SZ,12.29,13.72,12.2,13.25,13.25,0.0,0.0,134246.29,175144.616
2021-03-01,300467.SZ,13.25,13.43,12.71,13.23,12.78,0.45,3.5211,188066.78,245159.915
2021-03-08,300467.SZ,13.24,13.46,12.69,12.87,13.09,-0.22,-1.6807,143437.38,186457.585
2021-03-15,300467.SZ,12.9,12.93,11.57,11.75,11.91,-0.16,-1.3434,150891.35,181837.942
2021-03-22,300467.SZ,11.76,12.5,11.73,12.19,12.06,0.13,1.0779,110360.74,133601.361
2021-03-29,300467.SZ,12.19,12.56,11.89,11.98,12.2,-0.22,-1.8033,152955.22,186508.68399999998
2021-04-05,300467.SZ,11.91,11.92,11.32,11.52,11.51,0.01,0.0869,84427.63,97897.979
2021-04-12,300467.SZ,11.55,12.68,11.55,12.35,12.1,0.25,2.0661,193078.59,235209.726
2021-04-19,300467.SZ,12.3,12.48,11.84,12.44,12.3,0.14,1.1382,125721.29000000001,153519.117
2021-04-26,300467.SZ,12.43,12.75,11.76,11.89,11.9,-0.01,-0.084,122814.99,150491.931
2021-05-03,300467.SZ,11.89,12.28,11.58,11.67,12.12,-0.45,-3.7129,93152.44,110907.974
2021-05-10,300467.SZ,11.67,11.99,11.46,11.83,11.54,0.29,2.513,58398.759999999995,68395.239
2021-05-17,300467.SZ,11.79,12.38,11.63,11.97,12.28,-0.31,-2.5244,119720.68,144658.529
2021-05-24,300467.SZ,11.92,12.65,11.92,12.39,12.19,0.2,1.6407,160800.26,198206.09100000001
2021-05-31,300467.SZ,12.32,13.54,12.28,13.06,13.16,-0.1,-0.7599,240934.33,309175.571
2021-06-07,300467.SZ,13.02,13.45,12.67,13.26,13.07,0.19,1.4537,206959.94,270286.166
2021-06-14,300467.SZ,13.33,14.76,13.01,14.53,13.93,0.6,4.3073,271566.04,377068.07499999995
2021-06-21,300467.SZ,14.54,15.8,13.91,15.26,15.71,-0.45,-2.8644,464500.43,689381.427
2021-06-28,300467.SZ,15.26,15.7,13.61,14.19,14.05,0.14,0.9964,288627.16,428101.861
2021-07-05,300467.SZ,14.19,14.4,13.32,14.36,13.66,0.7,5.1245,169846.78,237156.10499999998
2021-07-12,300467.SZ,14.33,15.19,13.88,14.93,14.16,0.77,5.4379,180042.4,259668.17599999998
2021-07-19,300467.SZ,15.4,19.96,15.38,17.27,18.41,-1.14,-6.1923,985305.17,1810310.139
2021-07-26,300467.SZ,17.15,18.5,16.57,17.05,18.26,-1.21,-6.6265,590513.78,1034216.3659999999
2021-08-02,300467.SZ,17.19,17.49,15.2,15.9,16.29,-0.39,-2.3941,398644.5,644301.1140000001
2021-08-09,300467.SZ,15.81,16.16,13.48,13.8,13.64,0.16,1.173,410663.41000000003,595835.216
2021-08-16,300467.SZ,13.82,14.03,12.89,13.13,13.13,0.0,0.0,298036.28,401917.744
2021-08-23,300467.SZ,13.11,13.14,12.43,12.83,12.63,0.2,1.5835,199611.0,254086.759
2021-08-30,300467.SZ,12.81,13.9,12.46,13.87,12.98,0.89,6.8567,337112.17,439145.12899999996
2021-09-06,300467.SZ,13.65,13.72,13.01,13.29,13.34,-0.05,-0.3748,292827.26,390492.016
2021-09-13,300467.SZ,13.22,16.4,13.22,14.54,14.15,0.39,2.7562,577417.51,843165.143
2021-09-20,300467.SZ,14.51,14.75,13.68,13.82,14.39,-0.57,-3.9611,199589.27,283594.582
2021-09-27,300467.SZ,13.56,14.55,13.28,14.54,14.27,0.27,1.8921,174199.83000000002,243024.126
2021-10-04,300467.SZ,14.36,14.74,13.66,13.8,13.92,-0.12,-0.8621,97268.3,137508.4
2021-10-11,300467.SZ,13.92,14.66,13.83,14.49,14.44,0.05,0.3463,76315.12,109100.227
2021-10-18,300467.SZ,14.4,14.44,13.14,13.26,13.75,-0.49,-3.5636,124629.21,170954.827
2021-10-25,300467.SZ,13.21,13.63,12.78,12.9,13.15,-0.25,-1.9011,117714.03,154315.799
2021-11-01,300467.SZ,13.0,13.25,11.91,12.93,12.74,0.19,1.4914,125236.06,157734.839
2021-11-08,300467.SZ,12.89,14.88,12.5,14.43,13.99,0.44,3.1451,264750.04,364902.427
2021-11-15,300467.SZ,14.1,15.36,14.08,15.16,14.72,0.44,2.9891,424563.01,625954.841
2021-11-22,300467.SZ,15.12,16.06,14.5,14.72,15.04,-0.32,-2.1277,434094.24,661768.713
2021-11-29,300467.SZ,14.69,15.62,14.14,14.28,14.65,-0.37,-2.5256,394775.96,587549.954
2021-12-06,300467.SZ,14.48,14.9,13.57,13.58,14.14,-0.56,-3.9604,218370.61,311501.883
2021-12-13,300467.SZ,13.65,16.38,13.44,15.83,14.67,1.16,7.9073,424693.99,632002.211
2021-12-20,300467.SZ,15.58,16.6,15.5,15.75,16.02,-0.27,-1.6854,436853.6,695955.202
2021-12-27,300467.SZ,15.89,17.0,15.1,15.3,15.44,-0.14,-0.9067,368510.0,593055.976
2022-01-03,300467.SZ,15.42,18.71,15.22,16.64,17.32,-0.68,-3.9261,736748.78,1260484.558
2022-01-10,300467.SZ,16.56,17.28,15.06,15.97,15.6,0.37,2.3718,676847.7000000001,1116171.655
2022-01-17,300467.SZ,15.99,17.2,15.6,16.9,15.87,1.03,6.4902,430838.56,704448.245
2022-01-24,300467.SZ,17.05,21.58,16.66,17.47,17.93,-0.46,-2.5655,1558278.86,3025233.953
2022-01-31,300467.SZ,17.45,17.55,14.36,14.88,14.54,0.34,2.3384,588627.33,913664.51
2022-02-07,300467.SZ,14.58,14.64,13.71,14.03,14.88,-0.85,-5.7124,140378.87,197009.25
2022-02-14,300467.SZ,13.88,15.13,13.72,14.2,14.13,0.07,0.4954,437444.52,633704.657
2022-02-21,300467.SZ,14.2,17.81,13.8,17.81,14.84,2.97,20.0135,785567.11,1251918.788
2022-02-28,300467.SZ,17.16,19.0,16.04,16.36,16.69,-0.33,-1.9772,1294419.63,2261413.815
2022-03-07,300467.SZ,16.28,16.7,15.1,15.25,15.67,-0.42,-2.6803,498930.56,799646.183
2022-03-14,300467.SZ,15.44,15.46,13.9,14.71,15.41,-0.7,-4.5425,489683.45999999996,731014.131
2022-03-21,300467.SZ,14.71,16.65,14.03,16.07,15.76,0.31,1.967,701649.62,1088413.692
2022-03-28,300467.SZ,15.88,16.61,15.28,16.29,15.55,0.74,4.7588,530230.99,842770.368
2022-04-04,300467.SZ,16.22,17.51,15.63,16.74,17.07,-0.33,-1.9332,596840.13,988326.949
2022-04-11,300467.SZ,16.6,17.53,14.3,14.46,16.56,-2.1,-12.6812,505470.11,816071.9890000001
2022-04-18,300467.SZ,15.2,15.8,12.81,13.3,13.47,-0.17,-1.2621,471370.22000000003,678505.608
2022-04-25,300467.SZ,13.2,13.38,10.52,10.57,11.69,-1.12,-9.5808,282209.05,345501.066
2022-05-02,300467.SZ,10.66,10.98,9.97,10.72,10.22,0.5,4.8924,200573.0,209630.563
2022-05-09,300467.SZ,10.71,11.09,10.29,10.93,10.65,0.28,2.6291,128424.0,138365.903
2022-05-16,300467.SZ,10.77,11.48,10.75,11.21,11.07,0.14,1.2647,203901.0,227124.331
2022-05-23,300467.SZ,11.22,11.65,10.78,11.51,11.32,0.19,1.6784,196628.41,221026.66
2022-05-30,300467.SZ,11.56,11.58,10.66,11.22,11.16,0.06,0.5376,202087.78,225034.163
2022-06-06,300467.SZ,11.17,12.52,11.07,12.16,11.7,0.46,3.9316,215091.81,252936.681
2022-06-13,300467.SZ,12.1,12.24,11.37,11.83,11.58,0.25,2.1589,267293.0,313232.239
2022-06-20,300467.SZ,11.77,12.36,11.16,11.82,11.79,0.03,0.2545,273248.0,322012.176
2022-06-27,300467.SZ,11.84,12.16,11.38,11.69,11.64,0.05,0.4296,210794.77000000002,248085.548
2022-07-04,300467.SZ,11.67,12.17,11.16,11.22,11.42,-0.2,-1.7513,212060.66999999998,247152.39
2022-07-11,300467.SZ,11.19,11.34,10.6,11.01,11.15,-0.14,-1.2556,202313.33000000002,220716.782
2022-07-18,300467.SZ,11.01,11.05,10.31,10.66,10.34,0.32,3.0948,164500.72,175473.369
2022-07-25,300467.SZ,10.72,13.0,10.63,11.42,11.78,-0.36,-3.056,507376.98,603368.05
2022-08-01,300467.SZ,11.53,11.98,11.39,11.78,11.68,0.1,0.8562,223663.62,262422.397
2022-08-08,300467.SZ,11.68,12.0,10.93,11.99,11.74,0.25,2.1295,230076.82,262214.603
2022-08-15,300467.SZ,11.99,12.07,11.62,11.7,11.91,-0.21,-1.7632,160697.58000000002,189812.095
2022-08-22,300467.SZ,11.71,12.29,11.45,12.06,11.79,0.27,2.2901,237006.31,281333.58
2022-08-29,300467.SZ,12.05,12.14,11.14,11.9,11.82,0.08,0.6768,228095.54,267419.744
2022-09-05,300467.SZ,11.88,12.7,11.8,12.32,12.53,-0.21,-1.676,455607.3,559039.688
2022-09-12,300467.SZ,12.28,12.28,11.37,11.57,11.49,0.08,0.6963,213091.9,250212.69
2022-09-19,300467.SZ,11.57,11.81,10.3,10.52,10.81,-0.29,-2.6827,167960.12,188882.679
2022-09-26,300467.SZ,10.6,10.91,10.2,10.28,10.45,-0.17,-1.6268,111956.42,118990.551
2022-10-03,300467.SZ,10.52,10.72,9.9,10.0,9.99,0.01,0.1001,104225.27,107159.046
2022-10-10,300467.SZ,10.05,10.08,9.72,9.78,10.0,-0.22,-2.2,19406.0,19231.728
2022-10-17,300467.SZ,9.71,10.8,9.57,10.76,10.58,0.18,1.7013,129124.47,132198.027
2022-10-24,300467.SZ,10.83,10.85,10.39,10.42,10.54,-0.12,-1.1385,115723.94,123162.809
2022-10-31,300467.SZ,10.42,10.85,10.15,10.6,10.28,0.32,3.1128,168813.22,178064.805
2022-11-07,300467.SZ,10.65,11.22,10.58,11.16,10.94,0.22,2.011,161122.77000000002,175238.94700000001
2022-11-14,300467.SZ,11.13,11.5,10.96,11.22,11.16,0.06,0.5376,146510.59999999998,164235.701
2022-11-21,300467.SZ,11.16,12.61,11.12,11.46,11.85,-0.39,-3.2911,467870.85,556575.122
2022-11-28,300467.SZ,11.45,11.98,10.54,10.93,10.78,0.15,1.3915,231711.34,258635.169
2022-12-05,300467.SZ,10.9,11.87,10.83,11.73,11.64,0.09,0.7732,250118.14,285293.537
2022-12-12,300467.SZ,11.73,11.89,11.33,11.47,11.58,-0.11,-0.9499,189749.47,219069.874
2022-12-19,300467.SZ,11.47,11.75,11.06,11.21,11.28,-0.07,-0.6206,147892.25,169507.673
2022-12-26,300467.SZ,11.32,11.85,10.8,11.67,11.56,0.11,0.9516,219280.2,249762.248
2023-01-02,300467.SZ,11.7,12.19,11.43,11.91,11.69,0.22,1.882,225131.34,265343.993
2023-01-09,300467.SZ,11.99,13.2,11.88,12.34,12.36,-0.02,-0.1618,396530.28,496077.96400000004
2023-01-16,300467.SZ,12.39,12.4,11.88,11.92,12.04,-0.12,-0.9967,170364.55,206140.699
2023-01-23,300467.SZ,11.93,12.97,11.73,12.84,12.67,0.17,1.3418,199303.71,247738.57799999998
2023-01-30,300467.SZ,12.89,12.93,12.57,12.62,12.84,-0.22,-1.7134,59760.01,75690.276
2023-02-06,300467.SZ,12.61,13.8,12.53,13.41,13.19,0.22,1.6679,280506.6,366752.08999999997
2023-02-13,300467.SZ,13.44,14.07,13.2,14.0,13.78,0.22,1.5965,276255.33,377580.504
2023-02-20,300467.SZ,13.95,15.17,13.77,14.26,13.99,0.27,1.9299,431147.85,621813.711
2023-02-27,300467.SZ,14.3,14.41,13.67,13.97,13.97,0.0,0.0,225886.01,315162.942
2023-03-06,300467.SZ,14.14,14.55,13.74,14.09,14.16,-0.07,-0.4944,211853.08000000002,299674.056
2023-03-13,300467.SZ,14.09,14.26,13.55,14.11,13.88,0.23,1.6571,209060.0,290284.418
2023-03-20,300467.SZ,14.13,14.73,13.57,14.23,14.1,0.13,0.922,254643.59,360292.278
2023-03-27,300467.SZ,14.28,15.14,14.03,14.83,14.99,-0.16,-1.0674,400886.95,589392.507
2023-04-03,300467.SZ,14.71,14.87,13.81,14.54,14.44,0.1,0.6925,321759.33,463117.778
2023-04-10,300467.SZ,14.65,15.25,13.74,13.9,14.38,-0.48,-3.338,315535.66000000003,453130.109
2023-04-17,300467.SZ,13.8,16.09,13.77,13.98,14.88,-0.9,-6.0484,670840.99,1002255.101
2023-04-24,300467.SZ,13.94,14.7,13.17,13.94,13.37,0.57,4.2633,409367.71,571129.5179999999
2023-05-01,300467.SZ,13.78,19.98,13.7,19.97,17.38,2.59,14.9022,1644920.4,2816866.025
2023-05-08,300467.SZ,18.83,19.86,17.27,18.06,17.8,0.26,1.4607,1168733.03,2165443.693
2023-05-15,300467.SZ,17.58,20.59,16.78,17.22,17.1,0.12,0.7018,1555969.18,2879736.2309999997
2023-05-22,300467.SZ,17.16,17.8,15.88,16.3,16.48,-0.18,-1.0922,860856.19,1451445.5699999998
2023-05-29,300467.SZ,16.2,17.32,15.54,16.71,15.91,0.8,5.0283,855375.58,1393207.4070000001
2023-06-05,300467.SZ,16.33,18.23,15.87,18.23,17.6,0.63,3.5795,1023445.22,1762710.958
2023-06-12,300467.SZ,18.23,18.9,16.67,18.35,18.34,0.01,0.0545,988224.25,1767108.596
2023-06-19,300467.SZ,18.12,18.84,17.22,18.75,18.0,0.75,4.1667,889452.71,1613191.638
2023-06-26,300467.SZ,18.78,19.44,17.24,17.41,17.57,-0.16,-0.9106,566643.34,1044005.557
2023-07-03,300467.SZ,17.05,21.63,16.57,19.97,20.43,-0.46,-2.2516,1651279.01,3281214.8710000003
2023-07-10,300467.SZ,19.8,21.46,17.68,18.35,17.86,0.49,2.7436,1245341.86,2430040.924
2023-07-17,300467.SZ,18.27,19.73,17.66,18.17,19.23,-1.06,-5.5122,943771.22,1766489.208
2023-07-24,300467.SZ,18.46,18.68,15.55,15.64,15.83,-0.19,-1.2003,623144.68,1061517.182
2023-07-31,300467.SZ,15.95,15.95,15.02,15.62,15.21,0.41,2.6956,401162.62,618189.307
2023-08-07,300467.SZ,15.54,16.12,15.26,15.78,15.6,0.18,1.1538,381817.93,597806.033
2023-08-14,300467.SZ,15.7,16.05,14.9,15.58,15.25,0.33,2.1639,319355.08999999997,497971.476
2023-08-21,300467.SZ,15.59,15.69,14.51,14.53,14.58,-0.05,-0.3429,263055.11,393273.511
2023-08-28,300467.SZ,14.65,15.78,14.38,14.52,14.5,0.02,0.1379,336138.32,501027.022
2023-09-04,300467.SZ,14.61,16.05,14.61,15.44,15.35,0.09,0.5863,434316.95999999996,674381.907
2023-09-11,300467.SZ,15.36,17.66,14.91,15.44,15.5,-0.06,-0.3871,809742.8,1290769.265
2023-09-18,300467.SZ,15.28,15.28,14.09,14.28,14.25,0.03,0.2105,348372.35,506819.79
2023-09-25,300467.SZ,14.28,14.28,13.48,14.0,14.19,-0.19,-1.339,274820.81,382555.32
2023-10-02,300467.SZ,14.14,14.46,14.01,14.44,14.22,0.22,1.5471,157307.45,224491.836
2023-10-09,300467.SZ,14.41,14.45,14.2,14.22,14.44,-0.22,-1.5235,43371.12,61894.705
2023-10-16,300467.SZ,14.22,14.81,13.9,14.02,14.19,-0.17,-1.198,265795.12,382117.57899999997
2023-10-23,300467.SZ,14.02,14.49,13.0,13.08,13.53,-0.45,-3.3259,262002.16,362742.557
2023-10-30,300467.SZ,13.16,14.89,13.1,14.76,14.39,0.37,2.5712,383690.18,548909.072
2023-11-06,300467.SZ,14.87,16.48,14.82,16.21,15.39,0.82,5.3281,556645.76,864587.928
2023-11-13,300467.SZ,16.14,16.59,15.89,16.18,16.11,0.07,0.4345,429772.49,696279.038
2023-11-20,300467.SZ,16.09,17.29,16.08,17.2,16.77,0.43,2.5641,345393.37,574704.1429999999
2023-11-27,300467.SZ,17.17,17.35,16.03,16.14,16.49,-0.35,-2.1225,318734.22,533373.503
2023-12-04,300467.SZ,16.14,17.53,16.02,17.42,17.25,0.17,0.9855,336161.81,566617.074
2023-12-11,300467.SZ,17.33,17.96,16.56,17.71,17.06,0.65,3.8101,388130.8,668461.759
2023-12-18,300467.SZ,17.75,19.99,16.74,18.13,18.26,-0.13,-0.7119,867608.94,1571431.988
2023-12-25,300467.SZ,17.07,18.6,15.58,15.91,16.41,-0.5,-3.0469,963553.69,1663227.656
2024-01-01,300467.SZ,15.94,17.57,15.41,17.38,16.29,1.09,6.6912,379388.0,626697.983
2024-01-08,300467.SZ,17.56,17.99,16.26,16.29,16.51,-0.22,-1.3325,300833.91000000003,512355.179
2024-01-15,300467.SZ,16.46,16.67,15.69,15.75,15.94,-0.19,-1.192,187865.68,302794.12200000003
2024-01-22,300467.SZ,15.75,15.85,14.01,14.11,15.03,-0.92,-6.1211,267867.69999999995,405028.085
2024-01-29,300467.SZ,14.13,16.1,13.77,14.45,15.58,-1.13,-7.2529,425758.8,629085.505
2024-02-05,300467.SZ,14.55,14.57,9.95,10.2,12.03,-1.83,-15.212,425124.45999999996,527648.522
2024-02-12,300467.SZ,9.96,10.95,9.09,10.77,9.34,1.43,15.3105,432290.28,425460.56799999997
2024-02-19,300467.SZ,10.9,11.76,10.9,11.6,10.77,0.83,7.7066,131717.46,150642.525
2024-02-26,300467.SZ,11.52,13.72,11.11,13.28,13.5,-0.22,-1.6296,447800.57,561659.84
2024-03-04,300467.SZ,13.29,14.77,12.4,14.23,13.81,0.42,3.0413,443783.92,607867.198
2024-03-11,300467.SZ,14.12,14.3,13.18,13.75,13.5,0.25,1.8519,259460.18,355166.86
2024-03-18,300467.SZ,13.91,14.58,13.8,14.5,14.11,0.39,2.764,328783.0,466108.52400000003
2024-03-25,300467.SZ,14.5,15.24,14.08,14.09,14.79,-0.7,-4.7329,385793.33999999997,565493.584
2024-04-01,300467.SZ,13.9,14.2,12.98,13.96,13.58,0.38,2.7982,264803.75,360098.24
2024-04-08,300467.SZ,13.92,13.96,12.82,12.84,13.2,-0.36,-2.7273,144892.22,191642.515
2024-04-15,300467.SZ,12.99,14.98,12.59,12.98,13.7,-0.72,-5.2555,549087.45,762860.425
2024-04-22,300467.SZ,12.76,13.79,11.99,13.07,13.62,-0.55,-4.0382,263354.89,344266.83
2024-04-29,300467.SZ,13.1,14.42,13.1,14.24,14.14,0.1,0.7072,352153.4,493955.747
2024-05-06,300467.SZ,14.27,14.45,13.83,14.06,13.97,0.09,0.6442,95684.0,134126.21899999998
2024-05-13,300467.SZ,14.12,15.86,13.4,15.26,14.43,0.83,5.7519,401832.03,578572.363
2024-05-20,300467.SZ,16.25,18.31,14.41,15.28,14.79,0.49,3.313,961368.9299999999,1519906.8560000001
2024-05-27,300467.SZ,15.4,16.33,14.31,14.68,14.81,-0.13,-0.8778,502735.55,773704.153
2024-06-03,300467.SZ,14.65,15.28,14.08,14.29,14.75,-0.46,-3.1186,275993.0,405644.12899999996
2024-06-10,300467.SZ,14.18,14.98,13.22,13.53,13.32,0.21,1.5766,201718.63,282627.61199999996
2024-06-17,300467.SZ,13.32,14.34,13.21,14.09,14.13,-0.04,-0.2831,167988.48,235252.196
2024-06-24,300467.SZ,14.15,14.28,12.88,13.15,13.62,-0.47,-3.4508,232092.24,319311.145
2024-07-01,300467.SZ,13.0,15.27,12.88,13.72,13.7,0.02,0.146,273247.05,376325.18
2024-07-08,300467.SZ,13.66,13.96,12.45,12.46,13.01,-0.55,-4.2275,172696.35,229253.423
2024-07-15,300467.SZ,12.46,13.28,12.38,12.99,12.99,0.0,0.0,122108.36,157882.727
2024-07-22,300467.SZ,12.82,13.42,12.33,13.26,12.83,0.43,3.3515,154429.4,199262.102
2024-07-29,300467.SZ,13.26,13.5,12.43,13.01,12.84,0.17,1.324,110596.4,142259.922
2024-08-05,300467.SZ,13.01,13.9,12.81,13.3,13.42,-0.12,-0.8942,199519.7,267359.957
2024-08-12,300467.SZ,13.41,13.87,12.34,12.37,12.59,-0.22,-1.7474,166775.24,218244.11599999998
2024-08-19,300467.SZ,12.5,13.86,12.34,13.53,13.18,0.35,2.6555,218679.32,287610.961
2024-08-26,300467.SZ,13.66,15.27,12.16,12.64,12.4,0.24,1.9355,641051.4,875182.703
2024-09-02,300467.SZ,12.51,13.18,11.8,12.39,13.01,-0.62,-4.7656,255675.25,321119.583
2024-09-09,300467.SZ,12.44,12.87,12.12,12.31,12.4,-0.09,-0.7258,145208.0,181747.672
2024-09-16,300467.SZ,12.35,12.71,12.06,12.07,12.4,-0.33,-2.6613,102996.0,127891.638
2024-09-23,300467.SZ,12.07,12.36,11.7,12.28,12.2,0.08,0.6557,90272.0,109494.037
2024-09-30,300467.SZ,12.23,16.32,12.23,15.98,14.19,1.79,12.6145,478447.57999999996,683983.477
2024-10-14,300467.SZ,18.8,18.8,14.54,15.53,14.85,0.68,4.5791,734948.36,1192361.419
2024-10-21,300467.SZ,15.97,17.5,15.6,17.09,16.58,0.51,3.076,1012943.71,1693679.2349999999
2024-10-28,300467.SZ,17.04,17.15,15.92,16.95,16.47,0.48,2.9144,458964.42,759498.0109999999
2024-11-04,300467.SZ,17.3,17.38,15.43,15.88,15.51,0.37,2.3856,419735.96,686203.995
2024-11-11,300467.SZ,15.96,18.49,15.9,18.35,17.35,1.0,5.7637,739692.1699999999,1294737.078
2024-11-18,300467.SZ,18.32,19.19,15.68,16.23,17.3,-1.07,-6.185,754930.15,1336169.5040000002
2024-11-25,300467.SZ,16.23,18.38,16.06,17.96,17.25,0.71,4.1159,690040.21,1214098.999
